,#,Name,Type 1,Type 2,HP,Attack,Defense,Sp. Atk,Sp. Def,Speed,Generation,Legendary,total
0,1,Bulbasaur,Grass,Poison,45,49,49,65,65,45,1,False,318
1,2,Ivysaur,Grass,Poison,60,62,63,80,80,60,1,False,405
48,43,Oddish,Grass,Poison,45,50,55,75,65,30,1,False,320
49,44,Gloom,Grass,Poison,60,65,70,85,75,40,1,False,395
75,69,Bellsprout,Grass,Poison,50,75,35,70,30,40,1,False,300
76,70,Weepinbell,Grass,Poison,65,90,50,85,45,55,1,False,390
344,315,Roselia,Grass,Poison,50,60,45,100,80,65,3,False,400
451,406,Budew,Grass,Poison,40,30,35,50,70,55,4,False,280
452,407,Roserade,Grass,Poison,60,70,65,125,105,90,4,False,515
651,590,Foongus,Grass,Poison,69,55,45,55,55,15,5,False,294
